{"exact": 39.64457171734187, "f1": 52.97206904195501, "total": 11873, "HasAns_exact": 4.53778677462888, "HasAns_f1": 31.23100130484545, "HasAns_total": 5928, "NoAns_exact": 74.65096719932717, "NoAns_f1": 74.65096719932717, "NoAns_total": 5945}