{"exact": 31.702181420028637, "f1": 47.201175337838905, "total": 11873, "HasAns_exact": 4.2172739541160595, "HasAns_f1": 35.25970897202379, "HasAns_total": 5928, "NoAns_exact": 59.1084945332212, "NoAns_f1": 59.1084945332212, "NoAns_total": 5945}