{"exact": 30.110334372104777, "f1": 34.476127752260446, "total": 11873, "HasAns_exact": 56.12348178137652, "HasAns_f1": 64.86758852945148, "HasAns_total": 5928, "NoAns_exact": 4.17157275021026, "NoAns_f1": 4.17157275021026, "NoAns_total": 5945}