{"exact": 34.70058115050956, "f1": 40.12623481792284, "total": 11873, "HasAns_exact": 65.5195681511471, "HasAns_f1": 76.38643488414269, "HasAns_total": 5928, "NoAns_exact": 3.969722455845248, "NoAns_f1": 3.969722455845248, "NoAns_total": 5945}